[
  {
    "key": "frenchguiana",
    "country": "Guyane française",
    "capital": "Cayenne",
    "sovereign": "France"
  },
  {
    "key": "guyane",
    "country": "Guyane française",
    "capital": "Cayenne",
    "sovereign": "France"
  },
  {
    "key": "guadeloupe",
    "country": "Guadeloupe",
    "capital": "Basse-Terre",
    "sovereign": "France"
  },
  {
    "key": "martinique",
    "country": "Martinique",
    "capital": "Fort-de-France",
    "sovereign": "France"
  },
  {
    "key": "reunion",
    "country": "La Réunion",
    "capital": "Saint-Denis",
    "sovereign": "France"
  },
  {
    "key": "mayotte",
    "country": "Mayotte",
    "capital": "Mamoudzou",
    "sovereign": "France"
  },
  {
    "key": "newcaledonia",
    "country": "Nouvelle-Calédonie",
    "capital": "Nouméa",
    "sovereign": "France"
  },
  {
    "key": "frenchpolynesia",
    "country": "Polynésie française",
    "capital": "Papeete",
    "sovereign": "France"
  },
  {
    "key": "saintmartin",
    "country": "Saint-Martin (partie française)",
    "capital": "Marigot",
    "sovereign": "France"
  },
  {
    "key": "saintbarthelemy",
    "country": "Saint-Barthélemy",
    "capital": "Gustavia",
    "sovereign": "France"
  },
  {
    "key": "saintpierreandmiquelon",
    "country": "Saint-Pierre-et-Miquelon",
    "capital": "Saint-Pierre",
    "sovereign": "France"
  },
  {
    "key": "bermuda",
    "country": "Bermudes",
    "capital": "Hamilton",
    "sovereign": "United Kingdom"
  },
  {
    "key": "gibraltar",
    "country": "Gibraltar",
    "capital": "Gibraltar",
    "sovereign": "United Kingdom"
  },
  {
    "key": "falklandislands",
    "country": "Îles Malouines",
    "capital": "Stanley",
    "sovereign": "United Kingdom"
  },
  {
    "key": "britishvirginislands",
    "country": "Îles Vierges britanniques",
    "capital": "Road Town",
    "sovereign": "United Kingdom"
  },
  {
    "key": "caymanislands",
    "country": "Îles Caïmans",
    "capital": "George Town",
    "sovereign": "United Kingdom"
  },
  {
    "key": "anguilla",
    "country": "Anguilla",
    "capital": "The Valley",
    "sovereign": "United Kingdom"
  },
  {
    "key": "montserrat",
    "country": "Montserrat",
    "capital": "Plymouth",
    "sovereign": "United Kingdom"
  },
  {
    "key": "southgeorgiaandsouthsandwichislands",
    "country": "Géorgie du Sud et les îles Sandwich du Sud",
    "capital": "Grytviken",
    "sovereign": "United Kingdom"
  },
  {
    "key": "greenland",
    "country": "Groenland",
    "capital": "Nuuk",
    "sovereign": "Denmark"
  },
  {
    "key": "guam",
    "country": "Guam",
    "capital": "Hagåtña",
    "sovereign": "United States"
  },
  {
    "key": "puertorico",
    "country": "Porto Rico",
    "capital": "San Juan",
    "sovereign": "United States"
  },
  {
    "key": "americansamoa",
    "country": "Samoa américaines",
    "capital": "Pago Pago",
    "sovereign": "United States"
  },
  {
    "key": "usvirginislands",
    "country": "Îles Vierges américaines",
    "capital": "Charlotte Amalie",
    "sovereign": "United States"
  },
  {
    "key": "northernmarianaislands",
    "country": "Îles Mariannes du Nord",
    "capital": "Saipan",
    "sovereign": "United States"
  },
  {
    "key": "bermu da",
    "country": "Bermudes",
    "capital": "Hamilton",
    "sovereign": "United Kingdom"
  },
  {
    "key": "cyprus",
    "country": "Chypre",
    "capital": "Nicosie",
    "sovereign": "Cyprus"
  },
  {
    "key": "hongkong",
    "country": "Hong Kong",
    "capital": "",
    "sovereign": "China"
  },
  {
    "key": "macao",
    "country": "Macao",
    "capital": "",
    "sovereign": "China"
  },  
  {
    "country": "Svalbard",
    "capital": "Longyearbyen",
    "lat": 78.0,
    "lon": 15.6,
    "sovereign": "Norway"
  }
]
