[
  {
    "country": "Afghanistan",
    "capital": "Kabul",
    "lat": 33,
    "lon": 65
  },
  {
    "country": "Albania",
    "capital": "Tirana",
    "lat": 41,
    "lon": 20
  },
  {
    "country": "Algeria",
    "capital": "Algiers",
    "lat": 28,
    "lon": 3
  },
  {
    "country": "American Samoa",
    "capital": "Pago Pago",
    "lat": -14.33333333,
    "lon": -170
  },
  {
    "country": "Andorra",
    "capital": "Andorra la Vella",
    "lat": 42.5,
    "lon": 1.5
  },
  {
    "country": "Angola",
    "capital": "Luanda",
    "lat": -12.5,
    "lon": 18.5
  },
  {
    "country": "Anguilla",
    "capital": "The Valley",
    "lat": 18.25,
    "lon": -63.16666666
  },
  {
    "country": "Antarctica",
    "capital": "",
    "lat": -82,
    "lon": 0
  },
  {
    "country": "Antigua and Barbuda",
    "capital": "Saint John's",
    "lat": 17.05,
    "lon": -61.8
  },
  {
    "country": "Argentina",
    "capital": "Buenos Aires",
    "lat": -34,
    "lon": -64
  },
  {
    "country": "Armenia",
    "capital": "Yerevan",
    "lat": 40,
    "lon": 45
  },
  {
    "country": "Aruba",
    "capital": "Oranjestad",
    "lat": 12.5,
    "lon": -69.96666666
  },
  {
    "country": "Australia",
    "capital": "Canberra",
    "lat": -27,
    "lon": 133
  },
  {
    "country": "Austria",
    "capital": "Vienna",
    "lat": 47.33333333,
    "lon": 13.33333333
  },
  {
    "country": "Azerbaijan",
    "capital": "Baku",
    "lat": 40.5,
    "lon": 47.5
  },
  {
    "country": "Bahamas",
    "capital": "Nassau",
    "lat": 24.25,
    "lon": -76
  },
  {
    "country": "Bahrain",
    "capital": "Manama",
    "lat": 26,
    "lon": 50.55
  },
  {
    "country": "Bangladesh",
    "capital": "Dhaka",
    "lat": 24,
    "lon": 90
  },
  {
    "country": "Barbados",
    "capital": "Bridgetown",
    "lat": 13.16666666,
    "lon": -59.53333333
  },
  {
    "country": "Belarus",
    "capital": "Minsk",
    "lat": 53,
    "lon": 28
  },
  {
    "country": "Belgium",
    "capital": "Brussels",
    "lat": 50.83333333,
    "lon": 4
  },
  {
    "country": "Belize",
    "capital": "Belmopan",
    "lat": 17.25,
    "lon": -88.75
  },
  {
    "country": "Benin",
    "capital": "Porto-Novo",
    "lat": 9.5,
    "lon": 2.25
  },
  {
    "country": "Bermuda",
    "capital": "Hamilton",
    "lat": 32.33333333,
    "lon": -64.75
  },
  {
    "country": "Bhutan",
    "capital": "Thimphu",
    "lat": 27.5,
    "lon": 90.5
  },
  {
    "country": "Bolivia",
    "capital": "Sucre",
    "lat": -17,
    "lon": -65
  },
  {
    "country": "Bosnia and Herzegovina",
    "capital": "Sarajevo",
    "lat": 44,
    "lon": 18
  },
  {
    "country": "Botswana",
    "capital": "Gaborone",
    "lat": -22,
    "lon": 24
  },
  {
    "country": "Brazil",
    "capital": "Brasília",
    "lat": -10,
    "lon": -55
  },
  {
    "country": "British Indian Ocean Territory",
    "capital": "Diego Garcia",
    "lat": -6,
    "lon": 71.5
  },
  {
    "country": "British Virgin Islands",
    "capital": "Road Town",
    "lat": 18.431383,
    "lon": -64.62305
  },
  {
    "country": "Brunei",
    "capital": "Bandar Seri Begawan",
    "lat": 4.5,
    "lon": 114.66666666
  },
  {
    "country": "Bulgaria",
    "capital": "Sofia",
    "lat": 43,
    "lon": 25
  },
  {
    "country": "Burkina Faso",
    "capital": "Ouagadougou",
    "lat": 13,
    "lon": -2
  },
  {
    "country": "Burundi",
    "capital": "Gitega",
    "lat": -3.5,
    "lon": 30
  },
  {
    "country": "Cambodia",
    "capital": "Phnom Penh",
    "lat": 13,
    "lon": 105
  },
  {
    "country": "Cameroon",
    "capital": "Yaoundé",
    "lat": 6,
    "lon": 12
  },
  {
    "country": "Canada",
    "capital": "Ottawa",
    "lat": 60,
    "lon": -95
  },
  {
    "country": "Cape Verde",
    "capital": "Praia",
    "lat": 16,
    "lon": -24
  },
  {
    "country": "Caribbean Netherlands",
    "capital": "Kralendijk",
    "lat": 12.18,
    "lon": -68.25
  },
  {
    "country": "Cayman Islands",
    "capital": "George Town",
    "lat": 19.5,
    "lon": -80.5
  },
  {
    "country": "Central African Republic",
    "capital": "Bangui",
    "lat": 7,
    "lon": 21
  },
  {
    "country": "Chad",
    "capital": "N'Djamena",
    "lat": 15,
    "lon": 19
  },
  {
    "country": "Chile",
    "capital": "Santiago",
    "lat": -30,
    "lon": -71
  },
  {
    "country": "China",
    "capital": "Beijing",
    "lat": 35,
    "lon": 105
  },
  {
    "country": "Christmas Island",
    "capital": "Flying Fish Cove",
    "lat": -10.5,
    "lon": 105.66666666
  },
  {
    "country": "Cocos (Keeling) Islands",
    "capital": "West Island",
    "lat": -12.5,
    "lon": 96.83333333
  },
  {
    "country": "Colombia",
    "capital": "Bogotá",
    "lat": 4,
    "lon": -72
  },
  {
    "country": "Comoros",
    "capital": "Moroni",
    "lat": -12.16666666,
    "lon": 44.25
  },
  {
    "country": "Congo",
    "capital": "Brazzaville",
    "lat": -1,
    "lon": 15
  },
  {
    "country": "Cook Islands",
    "capital": "Avarua",
    "lat": -21.23333333,
    "lon": -159.76666666
  },
  {
    "country": "Costa Rica",
    "capital": "San José",
    "lat": 10,
    "lon": -84
  },
  {
    "country": "Croatia",
    "capital": "Zagreb",
    "lat": 45.16666666,
    "lon": 15.5
  },
  {
    "country": "Cuba",
    "capital": "Havana",
    "lat": 21.5,
    "lon": -80
  },
  {
    "country": "Curaçao",
    "capital": "Willemstad",
    "lat": 12.116667,
    "lon": -68.933333
  },
  {
    "country": "Cyprus",
    "capital": "Nicosia",
    "lat": 35,
    "lon": 33
  },
  {
    "country": "Czechia",
    "capital": "Prague",
    "lat": 49.75,
    "lon": 15.5
  },
  {
    "country": "Denmark",
    "capital": "Copenhagen",
    "lat": 56,
    "lon": 10
  },
  {
    "country": "Djibouti",
    "capital": "Djibouti",
    "lat": 11.5,
    "lon": 43
  },
  {
    "country": "Dominica",
    "capital": "Roseau",
    "lat": 15.41666666,
    "lon": -61.33333333
  },
  {
    "country": "Dominican Republic",
    "capital": "Santo Domingo",
    "lat": 19,
    "lon": -70.66666666
  },
  {
    "country": "DR Congo",
    "capital": "Kinshasa",
    "lat": 0,
    "lon": 25
  },
  {
    "country": "Ecuador",
    "capital": "Quito",
    "lat": -2,
    "lon": -77.5
  },
  {
    "country": "Egypt",
    "capital": "Cairo",
    "lat": 27,
    "lon": 30
  },
  {
    "country": "El Salvador",
    "capital": "San Salvador",
    "lat": 13.83333333,
    "lon": -88.91666666
  },
  {
    "country": "Equatorial Guinea",
    "capital": "Malabo",
    "lat": 2,
    "lon": 10
  },
  {
    "country": "Eritrea",
    "capital": "Asmara",
    "lat": 15,
    "lon": 39
  },
  {
    "country": "Estonia",
    "capital": "Tallinn",
    "lat": 59,
    "lon": 26
  },
  {
    "country": "Eswatini",
    "capital": "Lobamba",
    "lat": -26.5,
    "lon": 31.5
  },
  {
    "country": "Ethiopia",
    "capital": "Addis Ababa",
    "lat": 8,
    "lon": 38
  },
  {
    "country": "Falkland Islands",
    "capital": "Stanley",
    "lat": -51.75,
    "lon": -59
  },
  {
    "country": "Faroe Islands",
    "capital": "Tórshavn",
    "lat": 62,
    "lon": -7
  },
  {
    "country": "Fiji",
    "capital": "Suva",
    "lat": -18,
    "lon": 175
  },
  {
    "country": "Finland",
    "capital": "Helsinki",
    "lat": 64,
    "lon": 26
  },
  {
    "country": "France",
    "capital": "Paris",
    "lat": 46,
    "lon": 2
  },
  {
    "country": "French Guiana",
    "capital": "Cayenne",
    "lat": 4,
    "lon": -53
  },
  {
    "country": "French Polynesia",
    "capital": "Papeetē",
    "lat": -15,
    "lon": -140
  },
  {
    "country": "French Southern and Antarctic Lands",
    "capital": "Port-aux-Français",
    "lat": -49.25,
    "lon": 69.167
  },
  {
    "country": "Gabon",
    "capital": "Libreville",
    "lat": -1,
    "lon": 11.75
  },
  {
    "country": "Gambia",
    "capital": "Banjul",
    "lat": 13.46666666,
    "lon": -16.56666666
  },
  {
    "country": "Georgia",
    "capital": "Tbilisi",
    "lat": 42,
    "lon": 43.5
  },
  {
    "country": "Germany",
    "capital": "Berlin",
    "lat": 51,
    "lon": 9
  },
  {
    "country": "Ghana",
    "capital": "Accra",
    "lat": 8,
    "lon": -2
  },
  {
    "country": "Gibraltar",
    "capital": "Gibraltar",
    "lat": 36.13333333,
    "lon": -5.35
  },
  {
    "country": "Greece",
    "capital": "Athens",
    "lat": 39,
    "lon": 22
  },
  {
    "country": "Greenland",
    "capital": "Nuuk",
    "lat": 72,
    "lon": -40
  },
  {
    "country": "Grenada",
    "capital": "St. George's",
    "lat": 12.11666666,
    "lon": -61.66666666
  },
  {
    "country": "Guadeloupe",
    "capital": "Basse-Terre",
    "lat": 16.25,
    "lon": -61.583333
  },
  {
    "country": "Guam",
    "capital": "Hagåtña",
    "lat": 13.46666666,
    "lon": 144.78333333
  },
  {
    "country": "Guatemala",
    "capital": "Guatemala City",
    "lat": 15.5,
    "lon": -90.25
  },
  {
    "country": "Guernsey",
    "capital": "St. Peter Port",
    "lat": 49.46666666,
    "lon": -2.58333333
  },
  {
    "country": "Guinea",
    "capital": "Conakry",
    "lat": 11,
    "lon": -10
  },
  {
    "country": "Guinea-Bissau",
    "capital": "Bissau",
    "lat": 12,
    "lon": -15
  },
  {
    "country": "Guyana",
    "capital": "Georgetown",
    "lat": 5,
    "lon": -59
  },
  {
    "country": "Haiti",
    "capital": "Port-au-Prince",
    "lat": 19,
    "lon": -72.41666666
  },
  {
    "country": "Honduras",
    "capital": "Tegucigalpa",
    "lat": 15,
    "lon": -86.5
  },
  {
    "country": "Hong Kong",
    "capital": "City of Victoria",
    "lat": 22.267,
    "lon": 114.188
  },
  {
    "country": "Hungary",
    "capital": "Budapest",
    "lat": 47,
    "lon": 20
  },
  {
    "country": "Iceland",
    "capital": "Reykjavik",
    "lat": 65,
    "lon": -18
  },
  {
    "country": "India",
    "capital": "New Delhi",
    "lat": 20,
    "lon": 77
  },
  {
    "country": "Indonesia",
    "capital": "Jakarta",
    "lat": -5,
    "lon": 120
  },
  {
    "country": "Iran",
    "capital": "Tehran",
    "lat": 32,
    "lon": 53
  },
  {
    "country": "Iraq",
    "capital": "Baghdad",
    "lat": 33,
    "lon": 44
  },
  {
    "country": "Ireland",
    "capital": "Dublin",
    "lat": 53,
    "lon": -8
  },
  {
    "country": "Isle of Man",
    "capital": "Douglas",
    "lat": 54.25,
    "lon": -4.5
  },
  {
    "country": "Israel",
    "capital": "Jerusalem",
    "lat": 31.47,
    "lon": 35.13
  },
  {
    "country": "Italy",
    "capital": "Rome",
    "lat": 42.83333333,
    "lon": 12.83333333
  },
  {
    "country": "Ivory Coast",
    "capital": "Yamoussoukro",
    "lat": 8,
    "lon": -5
  },
  {
    "country": "Jamaica",
    "capital": "Kingston",
    "lat": 18.25,
    "lon": -77.5
  },
  {
    "country": "Japan",
    "capital": "Tokyo",
    "lat": 36,
    "lon": 138
  },
  {
    "country": "Jersey",
    "capital": "Saint Helier",
    "lat": 49.25,
    "lon": -2.16666666
  },
  {
    "country": "Jordan",
    "capital": "Amman",
    "lat": 31,
    "lon": 36
  },
  {
    "country": "Kazakhstan",
    "capital": "Astana",
    "lat": 48,
    "lon": 68
  },
  {
    "country": "Kenya",
    "capital": "Nairobi",
    "lat": 1,
    "lon": 38
  },
  {
    "country": "Kiribati",
    "capital": "South Tarawa",
    "lat": 1.41666666,
    "lon": 173
  },
  {
    "country": "Kosovo",
    "capital": "Pristina",
    "lat": 42.666667,
    "lon": 21.166667
  },
  {
    "country": "Kuwait",
    "capital": "Kuwait City",
    "lat": 29.5,
    "lon": 45.75
  },
  {
    "country": "Kyrgyzstan",
    "capital": "Bishkek",
    "lat": 41,
    "lon": 75
  },
  {
    "country": "Laos",
    "capital": "Vientiane",
    "lat": 18,
    "lon": 105
  },
  {
    "country": "Latvia",
    "capital": "Riga",
    "lat": 57,
    "lon": 25
  },
  {
    "country": "Lebanon",
    "capital": "Beirut",
    "lat": 33.83333333,
    "lon": 35.83333333
  },
  {
    "country": "Lesotho",
    "capital": "Maseru",
    "lat": -29.5,
    "lon": 28.5
  },
  {
    "country": "Liberia",
    "capital": "Monrovia",
    "lat": 6.5,
    "lon": -9.5
  },
  {
    "country": "Libya",
    "capital": "Tripoli",
    "lat": 25,
    "lon": 17
  },
  {
    "country": "Liechtenstein",
    "capital": "Vaduz",
    "lat": 47.26666666,
    "lon": 9.53333333
  },
  {
    "country": "Lithuania",
    "capital": "Vilnius",
    "lat": 56,
    "lon": 24
  },
  {
    "country": "Luxembourg",
    "capital": "Luxembourg",
    "lat": 49.75,
    "lon": 6.16666666
  },
  {
    "country": "Madagascar",
    "capital": "Antananarivo",
    "lat": -20,
    "lon": 47
  },
  {
    "country": "Malawi",
    "capital": "Lilongwe",
    "lat": -13.5,
    "lon": 34
  },
  {
    "country": "Malaysia",
    "capital": "Kuala Lumpur",
    "lat": 2.5,
    "lon": 112.5
  },
  {
    "country": "Maldives",
    "capital": "Malé",
    "lat": 3.25,
    "lon": 73
  },
  {
    "country": "Mali",
    "capital": "Bamako",
    "lat": 17,
    "lon": -4
  },
  {
    "country": "Malta",
    "capital": "Valletta",
    "lat": 35.83333333,
    "lon": 14.58333333
  },
  {
    "country": "Marshall Islands",
    "capital": "Majuro",
    "lat": 9,
    "lon": 168
  },
  {
    "country": "Martinique",
    "capital": "Fort-de-France",
    "lat": 14.666667,
    "lon": -61
  },
  {
    "country": "Mauritania",
    "capital": "Nouakchott",
    "lat": 20,
    "lon": -12
  },
  {
    "country": "Mauritius",
    "capital": "Port Louis",
    "lat": -20.28333333,
    "lon": 57.55
  },
  {
    "country": "Mayotte",
    "capital": "Mamoudzou",
    "lat": -12.83333333,
    "lon": 45.16666666
  },
  {
    "country": "Mexico",
    "capital": "Mexico City",
    "lat": 23,
    "lon": -102
  },
  {
    "country": "Micronesia",
    "capital": "Palikir",
    "lat": 6.91666666,
    "lon": 158.25
  },
  {
    "country": "Moldova",
    "capital": "Chișinău",
    "lat": 47,
    "lon": 29
  },
  {
    "country": "Monaco",
    "capital": "Monaco",
    "lat": 43.73333333,
    "lon": 7.4
  },
  {
    "country": "Mongolia",
    "capital": "Ulan Bator",
    "lat": 46,
    "lon": 105
  },
  {
    "country": "Montenegro",
    "capital": "Podgorica",
    "lat": 42.5,
    "lon": 19.3
  },
  {
    "country": "Montserrat",
    "capital": "Plymouth",
    "lat": 16.75,
    "lon": -62.2
  },
  {
    "country": "Morocco",
    "capital": "Rabat",
    "lat": 32,
    "lon": -5
  },
  {
    "country": "Mozambique",
    "capital": "Maputo",
    "lat": -18.25,
    "lon": 35
  },
  {
    "country": "Myanmar",
    "capital": "Naypyidaw",
    "lat": 22,
    "lon": 98
  },
  {
    "country": "Namibia",
    "capital": "Windhoek",
    "lat": -22,
    "lon": 17
  },
  {
    "country": "Nauru",
    "capital": "Yaren",
    "lat": -0.53333333,
    "lon": 166.91666666
  },
  {
    "country": "Nepal",
    "capital": "Kathmandu",
    "lat": 28,
    "lon": 84
  },
  {
    "country": "Netherlands",
    "capital": "Amsterdam",
    "lat": 52.5,
    "lon": 5.75
  },
  {
    "country": "New Caledonia",
    "capital": "Nouméa",
    "lat": -21.5,
    "lon": 165.5
  },
  {
    "country": "New Zealand",
    "capital": "Wellington",
    "lat": -41,
    "lon": 174
  },
  {
    "country": "Nicaragua",
    "capital": "Managua",
    "lat": 13,
    "lon": -85
  },
  {
    "country": "Niger",
    "capital": "Niamey",
    "lat": 16,
    "lon": 8
  },
  {
    "country": "Nigeria",
    "capital": "Abuja",
    "lat": 10,
    "lon": 8
  },
  {
    "country": "Niue",
    "capital": "Alofi",
    "lat": -19.03333333,
    "lon": -169.86666666
  },
  {
    "country": "Norfolk Island",
    "capital": "Kingston",
    "lat": -29.03333333,
    "lon": 167.95
  },
  {
    "country": "North Korea",
    "capital": "Pyongyang",
    "lat": 40,
    "lon": 127
  },
  {
    "country": "North Macedonia",
    "capital": "Skopje",
    "lat": 41.83333333,
    "lon": 22
  },
  {
    "country": "Northern Mariana Islands",
    "capital": "Saipan",
    "lat": 15.2,
    "lon": 145.75
  },
  {
    "country": "Norway",
    "capital": "Oslo",
    "lat": 62,
    "lon": 10
  },
  {
    "country": "Oman",
    "capital": "Muscat",
    "lat": 21,
    "lon": 57
  },
  {
    "country": "Pakistan",
    "capital": "Islamabad",
    "lat": 30,
    "lon": 70
  },
  {
    "country": "Palau",
    "capital": "Ngerulmud",
    "lat": 7.5,
    "lon": 134.5
  },
  {
    "country": "Palestine",
    "capital": "Ramallah",
    "lat": 31.9,
    "lon": 35.2
  },
  {
    "country": "Panama",
    "capital": "Panama City",
    "lat": 9,
    "lon": -80
  },
  {
    "country": "Papua New Guinea",
    "capital": "Port Moresby",
    "lat": -6,
    "lon": 147
  },
  {
    "country": "Paraguay",
    "capital": "Asunción",
    "lat": -23,
    "lon": -58
  },
  {
    "country": "Peru",
    "capital": "Lima",
    "lat": -10,
    "lon": -76
  },
  {
    "country": "Philippines",
    "capital": "Manila",
    "lat": 13,
    "lon": 122
  },
  {
    "country": "Pitcairn Islands",
    "capital": "Adamstown",
    "lat": -25.06666666,
    "lon": -130.1
  },
  {
    "country": "Poland",
    "capital": "Warsaw",
    "lat": 52,
    "lon": 20
  },
  {
    "country": "Portugal",
    "capital": "Lisbon",
    "lat": 39.5,
    "lon": -8
  },
  {
    "country": "Puerto Rico",
    "capital": "San Juan",
    "lat": 18.25,
    "lon": -66.5
  },
  {
    "country": "Qatar",
    "capital": "Doha",
    "lat": 25.5,
    "lon": 51.25
  },
  {
    "country": "Romania",
    "capital": "Bucharest",
    "lat": 46,
    "lon": 25
  },
  {
    "country": "Russia",
    "capital": "Moscow",
    "lat": 60,
    "lon": 100
  },
  {
    "country": "Rwanda",
    "capital": "Kigali",
    "lat": -2,
    "lon": 30
  },
  {
    "country": "Réunion",
    "capital": "Saint-Denis",
    "lat": -21.15,
    "lon": 55.5
  },
  {
    "country": "Saint Barthélemy",
    "capital": "Gustavia",
    "lat": 18.5,
    "lon": -63.41666666
  },
  {
    "country": "Saint Helena, Ascension and Tristan da Cunha",
    "capital": "Jamestown",
    "lat": -15.95,
    "lon": -5.72
  },
  {
    "country": "Saint Kitts and Nevis",
    "capital": "Basseterre",
    "lat": 17.33333333,
    "lon": -62.75
  },
  {
    "country": "Saint Lucia",
    "capital": "Castries",
    "lat": 13.88333333,
    "lon": -60.96666666
  },
  {
    "country": "Saint Martin",
    "capital": "Marigot",
    "lat": 18.08333333,
    "lon": -63.95
  },
  {
    "country": "Saint Pierre and Miquelon",
    "capital": "Saint-Pierre",
    "lat": 46.83333333,
    "lon": -56.33333333
  },
  {
    "country": "Saint Vincent and the Grenadines",
    "capital": "Kingstown",
    "lat": 13.25,
    "lon": -61.2
  },
  {
    "country": "Samoa",
    "capital": "Apia",
    "lat": -13.58333333,
    "lon": -172.33333333
  },
  {
    "country": "San Marino",
    "capital": "City of San Marino",
    "lat": 43.76666666,
    "lon": 12.41666666
  },
  {
    "country": "Saudi Arabia",
    "capital": "Riyadh",
    "lat": 25,
    "lon": 45
  },
  {
    "country": "Senegal",
    "capital": "Dakar",
    "lat": 14,
    "lon": -14
  },
  {
    "country": "Serbia",
    "capital": "Belgrade",
    "lat": 44,
    "lon": 21
  },
  {
    "country": "Seychelles",
    "capital": "Victoria",
    "lat": -4.58333333,
    "lon": 55.66666666
  },
  {
    "country": "Sierra Leone",
    "capital": "Freetown",
    "lat": 8.5,
    "lon": -11.5
  },
  {
    "country": "Singapore",
    "capital": "Singapore",
    "lat": 1.36666666,
    "lon": 103.8
  },
  {
    "country": "Sint Maarten",
    "capital": "Philipsburg",
    "lat": 18.033333,
    "lon": -63.05
  },
  {
    "country": "Slovakia",
    "capital": "Bratislava",
    "lat": 48.66666666,
    "lon": 19.5
  },
  {
    "country": "Slovenia",
    "capital": "Ljubljana",
    "lat": 46.11666666,
    "lon": 14.81666666
  },
  {
    "country": "Solomon Islands",
    "capital": "Honiara",
    "lat": -8,
    "lon": 159
  },
  {
    "country": "Somalia",
    "capital": "Mogadishu",
    "lat": 10,
    "lon": 49
  },
  {
    "country": "South Africa",
    "capital": "Pretoria",
    "lat": -29,
    "lon": 24
  },
  {
    "country": "South Georgia",
    "capital": "King Edward Point",
    "lat": -54.5,
    "lon": -37
  },
  {
    "country": "South Korea",
    "capital": "Seoul",
    "lat": 37,
    "lon": 127.5
  },
  {
    "country": "South Sudan",
    "capital": "Juba",
    "lat": 7,
    "lon": 30
  },
  {
    "country": "Spain",
    "capital": "Madrid",
    "lat": 40,
    "lon": -4
  },
  {
    "country": "Sri Lanka",
    "capital": "Colombo",
    "lat": 7,
    "lon": 81
  },
  {
    "country": "Sudan",
    "capital": "Khartoum",
    "lat": 15,
    "lon": 30
  },
  {
    "country": "Suriname",
    "capital": "Paramaribo",
    "lat": 4,
    "lon": -56
  },
  {
    "country": "Svalbard and Jan Mayen",
    "capital": "Longyearbyen",
    "lat": 78,
    "lon": 20
  },
  {
    "country": "Sweden",
    "capital": "Stockholm",
    "lat": 62,
    "lon": 15
  },
  {
    "country": "Switzerland",
    "capital": "Bern",
    "lat": 47,
    "lon": 8
  },
  {
    "country": "Syria",
    "capital": "Damascus",
    "lat": 35,
    "lon": 38
  },
  {
    "country": "São Tomé and Príncipe",
    "capital": "São Tomé",
    "lat": 1,
    "lon": 7
  },
  {
    "country": "Taiwan",
    "capital": "Taipei",
    "lat": 23.5,
    "lon": 121
  },
  {
    "country": "Tajikistan",
    "capital": "Dushanbe",
    "lat": 39,
    "lon": 71
  },
  {
    "country": "Tanzania",
    "capital": "Dodoma",
    "lat": -6,
    "lon": 35
  },
  {
    "country": "Thailand",
    "capital": "Bangkok",
    "lat": 15,
    "lon": 100
  },
  {
    "country": "Timor-Leste",
    "capital": "Dili",
    "lat": -8.83333333,
    "lon": 125.91666666
  },
  {
    "country": "Togo",
    "capital": "Lomé",
    "lat": 8,
    "lon": 1.16666666
  },
  {
    "country": "Tokelau",
    "capital": "Fakaofo",
    "lat": -9,
    "lon": -172
  },
  {
    "country": "Tonga",
    "capital": "Nuku'alofa",
    "lat": -20,
    "lon": -175
  },
  {
    "country": "Trinidad and Tobago",
    "capital": "Port of Spain",
    "lat": 11,
    "lon": -61
  },
  {
    "country": "Tunisia",
    "capital": "Tunis",
    "lat": 34,
    "lon": 9
  },
  {
    "country": "Turkmenistan",
    "capital": "Ashgabat",
    "lat": 40,
    "lon": 60
  },
  {
    "country": "Turks and Caicos Islands",
    "capital": "Cockburn Town",
    "lat": 21.75,
    "lon": -71.58333333
  },
  {
    "country": "Tuvalu",
    "capital": "Funafuti",
    "lat": -8,
    "lon": 178
  },
  {
    "country": "Turkey",
    "capital": "Ankara",
    "lat": 39,
    "lon": 35
  },
  {
    "country": "Uganda",
    "capital": "Kampala",
    "lat": 1,
    "lon": 32
  },
  {
    "country": "Ukraine",
    "capital": "Kyiv",
    "lat": 49,
    "lon": 32
  },
  {
    "country": "United Arab Emirates",
    "capital": "Abu Dhabi",
    "lat": 24,
    "lon": 54
  },
  {
    "country": "United Kingdom",
    "capital": "London",
    "lat": 54,
    "lon": -2
  },
  {
    "country": "United States",
    "capital": "Washington D.C.",
    "lat": 38,
    "lon": -97
  },
  {
    "country": "United States Virgin Islands",
    "capital": "Charlotte Amalie",
    "lat": 18.35,
    "lon": -64.933333
  },
  {
    "country": "Uruguay",
    "capital": "Montevideo",
    "lat": -33,
    "lon": -56
  },
  {
    "country": "Uzbekistan",
    "capital": "Tashkent",
    "lat": 41,
    "lon": 64
  },
  {
    "country": "Vanuatu",
    "capital": "Port Vila",
    "lat": -16,
    "lon": 167
  },
  {
    "country": "Vatican City",
    "capital": "Vatican City",
    "lat": 41.9,
    "lon": 12.45
  },
  {
    "country": "Venezuela",
    "capital": "Caracas",
    "lat": 8,
    "lon": -66
  },
  {
    "country": "Vietnam",
    "capital": "Hanoi",
    "lat": 16.16666666,
    "lon": 107.83333333
  },
  {
    "country": "Wallis and Futuna",
    "capital": "Mata-Utu",
    "lat": -13.3,
    "lon": -176.2
  },
  {
    "country": "Western Sahara",
    "capital": "El Aaiún",
    "lat": 24.5,
    "lon": -13
  },
  {
    "country": "Yemen",
    "capital": "Sana'a",
    "lat": 15,
    "lon": 48
  },
  {
    "country": "Zambia",
    "capital": "Lusaka",
    "lat": -15,
    "lon": 30
  },
  {
    "country": "Zimbabwe",
    "capital": "Harare",
    "lat": -20,
    "lon": 30
  },
  {
    "country": "Åland Islands",
    "capital": "Mariehamn",
    "lat": 60.116667,
    "lon": 19.9
  }
]